States,Counts
2.0,61.10283159463488
1.0,33.97913561847988
3.0,3.8748137108792844
0.0,1.0432190760059614
