States,Counts
1st: Weak,81.06052490626674
2nd: Medium,14.376004284949117
3rd: Deep,2.763792179967863
0: None,1.7996786288162827
